Trade #,Date,Ticker,Strategy,Direction,Strike/Spread,Expiry,Entry Price,Exit Price,Contracts,Entry Cost,Fees,Commissions,Exit Value,P&L $,P&L %,Date closed,Days Held,Win/Loss,R:R Actual,Max Risk,Max Profit Potential,DTE at Entry,% Max Profit Captured,Market Context,Lessons Learned,Mistakes,Tags
155,06/05/2026,SPX,Bull Put Spread,Sell,7240/7220 Put,7 May 26,0.65,0.05,8,520,16.88,20.80,40,480,92.31%,07/05/2026,1,Win,0.03,15480,520,1,92.3%,BULLISH — VIX 16.72 (-3.80%). Normal vol regime. Signal: BULLISH (4.0/5). SPX futures 7340. Iran ceasefire. Choppy despite bullish sentiment.,"First live account trade. 1DTE, closed next day for near-full premium. Clean execution. Real commissions now visible — $37.68 round trip on $520 credit (7.2% of premium).",NONE - clean execution,"Bull Put Spread, SPX, 1DTE, Live Account"
156,07/05/2026,SPX,Bull Put Spread,Sell,7285/7255 Put,7 May 26,0.6,0.4,1,60,2.01,2.60,40,20,33.33%,07/05/2026,0,Win,0.01,2940,60,0,33.3%,MIXED — VIX 17.47 (+0.46%). Normal vol regime. Signal: MIXED (bull 2.5/bear 0.5). SPX futures 7396. P/C ratio 0.67 bullish. 10Y -6bps.,"Single lot, small premium. Closed for $20 profit. Commission drag significant at this size — $4.61 on $20 P&L. Minimum viable contract count matters more on live.",NONE - clean execution,"Bull Put Spread, SPX, 0DTE, Live Account"
157,07/05/2026,SPX,Bull Put Spread,Sell,7320/7300 Put,7 May 26,0.75,1.25,5,375,11.44,13,625,-250,-66.67%,07/05/2026,0,Loss,-0.03,9625,375,0,-66.7%,MIXED — VIX 17.47 (+0.46%). Normal vol regime. Signal: MIXED (bull 2.5/bear 0.5). SPX futures 7396. P/C ratio 0.67 bullish. 10Y -6bps.,"Stopped out. Clean trade, market moved against. Mixed signal day — higher strikes carried more risk. Commission adds to loss: $24.44 on a $250 loss.",NONE - clean execution,"Bull Put Spread, SPX, 0DTE, Live Account, Stop-out"
158,07/05/2026,SPX,Iron Condor,Sell,7420/7435/7230/7210 Call/Put,8 May 26,1.85,0.75,3,555,12.95,15.60,225,330,59.46%,08/05/2026,1,Win,0.06,5445,555,1,59.5%,MIXED — VIX 17.47 (+0.46%). Normal vol regime. Signal: MIXED (bull 2.5/bear 0.5). SPX futures 7396. P/C ratio 0.67 bullish. 10Y -6bps.,"1DTE IC, closed next day at 60% of max. Wide wings — 15pt call side, 20pt put side. Good structure for mixed environment.",NONE - clean execution,"Iron Condor, SPX, 1DTE, Live Account"
159,08/05/2026,SPX,Bull Put Spread,Sell,7335/7305 Put,8 May 26,0.8,0,6,480,6.32,7.80,0,480,1,08/05/2026,0,Win,0.03,17520,480,0,1,MIXED — VIX 17.47 (+0.46%). Normal vol regime. Signal: MIXED (bull 2.5/bear 0.5). SPX futures 7396. P/C ratio 0.67 bullish. 10Y -6bps.,0DTE expired worthless. Full premium captured. Commission $14.12 on $480 credit (2.9%).,NONE - clean execution,"Bull Put Spread, SPX, 0DTE, Live Account, Expired"
160,11/05/2026,SPX,Bull Put Spread,Sell,7345/7325 Put,11 May 26,0.7,0,5,350,5.72,6.50,0,350,1,11/05/2026,0,Win,0.04,9650,350,0,1,BEARISH — VIX 18.95 (+3.10%). Elevated vol regime. Signal: BEARISH (bear 3.0/5). SPX futures 7410. Pre-CPI tension. Oil $98.88. Breadth divergence — 52% above 50-day MA despite ATH.,"0DTE bull put spread, expired worthless for full premium. Good strike selection — 7345 was well below the day's range. Clean execution.",NONE - clean execution,"Bull Put Spread, SPX, 0DTE, Live Account, Expired"
161,11/05/2026,SPX,Bull Put Spread,Sell,7360/7340 Put,11 May 26,0.4,1,10,400,21.98,26,1000,-600,-150.00%,11/05/2026,0,Loss,-0.03,19600,400,0,-150.0%,BEARISH — VIX 18.95 (+3.10%). Elevated vol regime. Signal: BEARISH (bear 3.0/5). SPX futures 7410. Pre-CPI tension. Oil $98.88. Breadth divergence — 52% above 50-day MA despite ATH.,Thin premium trade — $0.40 credit on 10 contracts. 2x stop triggered correctly at $0.80 but the thin premium meant the stop was too sensitive to gamma noise. SPX never breached the strike. Identified minimum credit floor as a candidate rule (~$0.60 for SPX).,NONE - thin premium identified as learning point. Stop functioned correctly.,"Bull Put Spread, SPX, 0DTE, Live Account, Stop-out, Thin Premium"
162,11/05/2026,SPX,Bull Put Spread,Sell,7390/7370 Put,11 May 26,0.2,0.55,10,200,39.46,52,550,0,0,11/05/2026,0,Breakeven,0,19800,200,0,0,BEARISH — VIX 18.95 (+3.10%). Elevated vol regime. Signal: BEARISH (bear 3.0/5). SPX futures 7410. Pre-CPI tension. Oil $98.88. Breadth divergence — 52% above 50-day MA despite ATH.,"Low conviction trade with indecision. Opened @ $0.20, stopped out @ $0.55, re-entered @ $0.60, closed @ $0.25 for breakeven net. Four transactions generated $91.46 in fees/commissions for zero P&L. Trade indecision is expensive even when P&L is flat.",NONE - rule breach. Low conviction entry led to indecision and churning.,"Bull Put Spread, SPX, 0DTE, Live Account, Indecision, Churning"
163,12/05/2026,SPX,Bear Call Spread,Sell,7395/7415 Call,12 May 26,0.35,0.9,15,525,30.27,39,1350,-825,-157.14%,12/05/2026,0,Loss,-0.03,29475,525,0,-157.1%,"BEARISH — VIX 18.70 (+1.74%). Elevated vol. CPI hot: 3.8% YoY headline, 2.8% core (both above expectations). SPX sold off to 7338 then recovered to 7366. Energy-driven inflation bleeding into shelter/services.","Post-CPI bear call spread. Thesis correct — SPX closed at 7366, well below 7395 strike. Stopped out on gamma noise from thin $0.35 premium. 2x stop at $0.70 triggered by a 15-point SPX move that never threatened the strike. Oversized at 15 contracts to compensate for thin premium — compounded the problem.",NONE - thin premium and oversizing identified as learning points. Stop functioned correctly.,"Bear Call Spread, SPX, 0DTE, Live Account, Stop-out, Thin Premium, Oversized"
164,12/05/2026,SPX,Bear Call Spread,Sell,7395/7415 Call,12 May 26,0.7,0.85,15,1050,31.62,39,1275,-225,-21.43%,12/05/2026,0,Loss,-0.01,28950,1050,0,-21.4%,"BEARISH — VIX 18.70 (+1.74%). Elevated vol. CPI hot: 3.8% YoY headline, 2.8% core (both above expectations). SPX sold off to 7338 then recovered to 7366. Energy-driven inflation bleeding into shelter/services.","Reopened same position after stop-out, driven by frustration not thesis. Recognised the rule breach (same-market-after-loss gate, Rule 10) and closed quickly. The fast self-correction is progress — but the reopen should never have happened. SPX finished at 7366; position would have been full profit if held.",NONE - rule breach. Rule 10 (same-market-after-loss gate) violated. Emotional reopen.,"Bear Call Spread, SPX, 0DTE, Live Account, Rule Breach, Emotional Reopen"
165,12/05/2026,SPX,Bull Put Spread,Sell,7355/7335 Put,12 May 26,0.4,0,10,400,9.64,13,0,400,1,12/05/2026,0,Win,0.02,19600,400,0,1,"BEARISH — VIX 18.70 (+1.74%). Elevated vol. CPI hot: 3.8% YoY headline, 2.8% core (both above expectations). SPX sold off to 7338 then recovered to 7366. Energy-driven inflation bleeding into shelter/services.","0DTE bull put spread, expired worthless. Placed during the CPI selloff recovery. SPX bottomed at 7338 and this held comfortably. Full premium captured.",NONE - clean execution,"Bull Put Spread, SPX, 0DTE, Live Account, Expired"
166,13/05/2026,SPX,Bull Put Spread,Sell,7340/7320 Put,13 May 26,0.7,1.45,10,700,22.88,26,1450,-750,-107.14%,13/05/2026,0,Loss,-0.04,19300,700,0,-107.1%,"BEARISH — VIX rising. PPI scorching hot: 1.4% MoM (vs 0.5% expected), 6.0% YoY. Core PPI 1.0% (vs 0.4% expected). Largest monthly PPI gain since March 2022. Rate hike odds climbed to 39%. SPX gapped down on open then recovered to new ATH 7438.","Unplanned entry — pre-market limit order from previous day's thesis filled at market open into hot PPI print. No plan for this trade existed. Cancelled stop under pressure when market chopped, then panic-closed at -$750 on a bounce. SPX recovered to 7438 — position would have expired worthless for full $700 profit. Cascade of errors from one operational mistake. Candidate Rule 19: unplanned entries get closed at market, no exceptions.",ERROR - Failed to cancel pre-market limit order. Unintended entry into PPI binary event. Cancelled stop under pressure. Panic close on bounce.,"Bull Put Spread, SPX, 0DTE, Live Account, Unplanned Entry, Stop Cancelled, Panic Close"
167,13/05/2026,SPX,Bull Put Spread,Sell,7370/7350 Put,13 May 26,0.5,0,10,500,10.54,13,0,500,1,13/05/2026,0,Win,0.03,19500,500,0,1,"BEARISH — VIX rising. PPI scorching hot: 1.4% MoM (vs 0.5% expected), 6.0% YoY. Core PPI 1.0% (vs 0.4% expected). Largest monthly PPI gain since March 2022. Rate hike odds climbed to 39%. SPX gapped down on open then recovered to new ATH 7438.","Entered after PPI selloff had been absorbed and SPX was recovering. Market pushed to new ATH 7438. Full premium captured. Entry was within first hour of trading — candidate Rule 20 would have flagged this, but market had stabilised and premium was available. Rule breach acknowledged but outcome positive.",NONE - rule breach. Entered within first hour after major data release (candidate Rule 20).,"Bull Put Spread, SPX, 0DTE, Live Account, Expired, First Hour Entry"
168,14/05/2026,SPX,Bull Put Spread,Sell,7400/7380 Put,14 May 26,0.675,0.1,4,270,8.42,10.40,40,230,85.19%,14/05/2026,0,Win,0.03,7730,270,0,85.2%,"BULLISH — SPX hit all-time high 7,514.30. Dow above 50,000. S&P closed above 7,500 for first time. Trump-Xi summit in China; agreed Strait of Hormuz should remain free waterway. Tech and crypto surged. Retail sales solid. Kevin Warsh confirmed as new Fed Chair.","0DTE bull put spread, opened in two tranches ($0.65 and $0.70) to average into better premium on dips. Closed at $0.10 for 85% of max profit. Clean execution, good premium management technique.",NONE - clean execution,"Bull Put Spread, SPX, 0DTE, Live Account, Tranche Entry"
169,14/05/2026,SPX,Bull Put Spread,Sell,7450/7430 Put,14 May 26,0.45,0.9,4,180,8.80,10.40,360,-180,-1,14/05/2026,0,Loss,-0.02,7820,180,0,-1,"BULLISH — SPX hit all-time high 7,514.30. Dow above 50,000. S&P closed above 7,500 for first time. Trump-Xi summit in China; agreed Strait of Hormuz should remain free waterway. Tech and crypto surged. Retail sales solid. Kevin Warsh confirmed as new Fed Chair.",Stopped out at 2x on thin premium ($0.45). Closed well OTM — strike never threatened. Another data point confirming thin premium + 2x stop = gamma noise exit. Reinforces minimum credit floor rule.,NONE - thin premium identified as learning point. Stop functioned correctly.,"Bull Put Spread, SPX, 0DTE, Live Account, Stop-out, Thin Premium"
170,15/05/2026,SPX,Bull Put Spread,Sell,7335/7315 Put,15 May 26,0.8,0.3,10,800,21.08,26,300,500,62.50%,15/05/2026,0,Win,0.03,19200,800,0,62.5%,"BEARISH — SPX fell 1.24% to 7,408.50. Nasdaq -1.54%. Profit-taking in tech after recent surge. Trump-Xi summit ended without major policy breakthroughs. Intel -6%, AMD -5.7%, Nvidia -4.4%. Oil concerns rising — markets now pricing Fed rate hike as next move (51% Dec probability). Empire State Manufacturing strong at 19.6.",Correction day — SPX fell 1.24%. Put premiums were elevated. Placed short strike over 100 points below price (~4 SD with 26.5pt expected move). Took profit at 62.5% rather than holding in a falling market. Freed up capital for trade 171. Good risk management — adapted to market conditions.,NONE - clean execution,"Bull Put Spread, SPX, 0DTE, Live Account, Correction Day, Early Profit"
171,15/05/2026,SPX,Iron Condor,Sell,7500/7520/7370/7350 Call/Put,15 May 26,1,0.45,4,400,15.80,20.80,180,220,55.00%,15/05/2026,0,Win,0.03,7600,400,0,55.0%,"BEARISH — SPX fell 1.24% to 7,408.50. Nasdaq -1.54%. Profit-taking in tech after recent surge. Trump-Xi summit ended without major policy breakthroughs. Intel -6%, AMD -5.7%, Nvidia -4.4%. Oil concerns rising — markets now pricing Fed rate hike as next move (51% Dec probability). Empire State Manufacturing strong at 19.6.",Wide OTM iron condor. Closed early at 55% of max profit ahead of evening plans (ballet). Pragmatic exit — life takes priority over squeezing last 45% of premium. Second live IC on the account.,NONE - clean execution,"Iron Condor, SPX, 0DTE, Live Account, Early Profit"
172,18/05/2026,SPX,Bull Put Spread,Sell,7320/7300 Put,18 May 26,0.65,1.45,5,325,11.42,13,725,-400,-123.08%,18/05/2026,0,Loss,-0.04,9675,325,0,-123.1%,"BEARISH — SPX 7395, down 0.17%. Choppy session with late-day Trump Iran announcement spike. Multiple rule breaches.","Opened well OTM. SPX spiked intraday, stop triggered. Thesis was correct — position would have expired worthless. First of four trades today, all problematic. Stop did its job but thin premium ($0.65) made it vulnerable to gamma noise.",NONE - clean execution. Stop functioned correctly. Thesis correct but premium too thin for the volatility.,"Bull Put Spread, SPX, 0DTE, Live Account, Stop-out, Thin Premium"
173,18/05/2026,SPX,Bull Put Spread (Order Error),Buy,7320/7300 Put,18 May 26,1.3,0.2,5,650,10.54,13,100,-550,-84.62%,18/05/2026,0,Loss,,0,0,0,,"BEARISH — SPX 7395, down 0.17%. Choppy session with late-day Trump Iran announcement spike. Multiple rule breaches.","Intended to reopen short put spread at higher premium. Duplicated the closing (buy) order instead of the opening (sell) order while distracted. Didn't notice fill. No stop set. Discovered at -87%. Closed immediately. Multiple rule breaches: trading while distracted, no stop, wrong order direction, re-entering after stop-out.",ERROR - Duplicated wrong order (buy instead of sell). No stop set. Distracted during execution. Re-entering same trade after stop-out violates Rule 10.,"Bull Put Spread, SPX, 0DTE, Live Account, Order Error, Rule Breach, No Stop"
174,18/05/2026,SPX,Iron Condor,Sell,7435/7455/7320/7300 Call/Put,18 May 26,0.95,0,5,475,10.09,13,0,475,1,18/05/2026,0,Win,0.05,9525,475,0,1,"BEARISH — SPX 7395, down 0.17%. Choppy session with late-day Trump Iran announcement spike. Multiple rule breaches.",Reopened similar position as an iron condor after discussing structure change. Extra premium from call side and negative gamma reduced stop risk vs naked put spread. Expired worthless. Full premium captured. IC structure validated on live account.,NONE - clean execution,"Iron Condor, SPX, 0DTE, Live Account, Expired"
175,18/05/2026,SPX,Iron Condor,Sell,7400/7420/7350/7330 Call/Put,18 May 26,0.65,1.6,5,325,23.73,31.20,800,-475,-146.15%,18/05/2026,0,Loss,-0.05,9675,325,0,-146.2%,"BEARISH — SPX 7395, down 0.17%. Choppy session with late-day Trump Iran announcement spike. Multiple rule breaches.","Executed IC strategy as designed — 30 mins before close entry for elevated late-session premium. Trump announced postponed Iran attack seconds after opening. Pure macro event, not a timing error. Stop functioned correctly. The IC structure (trade 174 expired worthless, trade 175 stopped out) is performing as expected — the strategy accounts for occasional stop-outs in exchange for higher win rate from reduced gamma sensitivity.",NONE - clean execution. Macro catalyst was unforeseeable. Strategy executed as designed.,"Iron Condor, SPX, 0DTE, Live Account, Stop-out, Macro Event, IC Strategy"
176,19/05/2026,SPX,Iron Condor,Sell,7465/7485/7265/7245 Call/Put,19 May 26,0.75,0.1,5,375,19.73,26,50,325,86.67%,19/05/2026,0,Win,0.03,9625,375,0,86.7%,"IC strategy continuation. One win, one loss. Stops functioning correctly.",Wide IC — 200pt between short strikes. Closed at 87% premium capture. Clean execution.,NONE - clean execution,"Iron Condor, SPX, 0DTE, Live Account, IC Strategy"
177,19/05/2026,SPX,Iron Condor,Sell,7430/7450/7350/7330 Call/Put,19 May 26,0.75,1.65,5,375,19.73,26,825,-450,-120.00%,19/05/2026,0,Loss,-0.05,9625,375,0,-120.0%,"IC strategy continuation. One win, one loss. Stops functioning correctly.",Second IC of the day. Tighter strikes than trade 176. Stopped out. Stop functioned correctly.,NONE - clean execution. Stop functioned correctly.,"Iron Condor, SPX, 0DTE, Live Account, IC Strategy, Stop-out"
178,20/05/2026,SPX,Iron Condor,Sell,7440/7460/7300/7280 Call/Put,20 May 26,1.25,2.75,5,625,24.63,31.20,1375,-750,-120.00%,20/05/2026,0,Loss,-0.08,9375,625,0,-120.0%,IC strategy. Gapped against position. Large loss. Account retired after this trade.,Gapped against position. Stopped out for -$750. KEY INSIGHT: Adding a second spread (call side) to create an IC on a directional thesis simply doubled the chance of being stopped out. Thesis was clear that market was rising — putting a bear call spread above on thin premium was pointless. It caused what would have been a profitable bull put trade to become the biggest loss. HARD RULE: No strategy alterations on the fly. Any change to strategy must go back through thorough backtesting and paper trading before live capital. No exceptions.,NONE - clean execution. Stop functioned correctly. Strategy under review.,"Iron Condor, SPX, 0DTE, Live Account, IC Strategy, Stop-out, Account Retired"
179,27/05/2026,SPX,Bull Put Spread,Sell,7490/7470 Put,27 May 26,0.5,0,5,250,4.82,6.50,0,250,1,27/05/2026,0,Win,0.03,9750,250,0,1,"Back to basics. Pure bull put spreads, no IC modifications. Following the rules.",Expired worthless. Full premium captured. Clean execution.,NONE - clean execution,"Bull Put Spread, SPX, 0DTE, Live Account, Expired"
180,28/05/2026,SPX,Bull Put Spread,Sell,7455/7435 Put,28 May 26,0.7,0,5,350,5.72,6.50,0,350,1,28/05/2026,0,Win,0.04,9650,350,0,1,"Back to basics. Pure bull put spreads, no IC modifications. Following the rules.",Expired worthless. Full premium captured. Clean execution.,NONE - clean execution,"Bull Put Spread, SPX, 0DTE, Live Account, Expired"
181,29/05/2026,SPX,Bull Put Spread,Sell,7520/7500 Put,29 May 26,0.9,0,5,450,5.27,6.50,0,450,1,29/05/2026,0,Win,0.05,9550,450,0,1,"Back to basics. Pure bull put spreads, no IC modifications. Following the rules.",Expired worthless. Full premium captured. Clean execution.,NONE - clean execution,"Bull Put Spread, SPX, 0DTE, Live Account, Expired"
182,01/06/2026,SPX,Bull Put Spread,Sell,7515/7495 Put,1 Jun 26,0.8,0,5,400,5.72,6.50,0,400,1,01/06/2026,0,Win,0.04,9600,400,0,1,Not discussed in detail. Clean 0DTE BPS entry.,Expired worthless. Full premium captured. Clean execution.,NONE - clean execution,"Bull Put Spread, SPX, 0DTE, Live Account, Expired"
183,02/06/2026,SPX,Bull Put Spread,Sell,7545/7525 Put,2 Jun 26,0.65,0,6,390,6.32,7.80,0,390,1,02/06/2026,0,Win,0.03,11610,390,0,1,Intraday flip from BCS lean as tape rallied. Held past relaxed 3pm ET exit to expiry. At close: ~65 pts OTM against ~8pt time-adjusted SD = ~8 SD clearance. Let-it-expire was the cheap and safe choice.,"Intraday flip from BCS lean as tape rallied. Held past relaxed 3pm ET exit to expiry. At close: ~65 pts OTM against ~8pt time-adjusted SD = ~8 SD clearance. Let-it-expire was the cheap and safe choice. SD decay: 8pts @ 40 min left, ~2pts near close (sqrt-t decay).",NONE - clean execution,"Bull Put Spread, SPX, 0DTE, Live Account, Expired, Intraday-flip"
184,03/06/2026,SPX,Bull Put Spread,Sell,7535/7515 Put,3 Jun 26,0.7,0.65,6,420,11.05,14.30,390,30,7.14%,03/06/2026,0,Win,0.00,11580,420,0,7.1%,0DTE BPS. SPX approached short strike mid-session. 2SD time-adjusted breach triggered exit discipline.,"Closed on 2SD time-adjusted breach. SPX ~7560, ~24 pts from short strike, inside the band with session remaining. Endowment test: 'would I enter now? Hell no' — exit. Market bounced 2-3 pts inside band AFTER exit = outcome bias. Exit still correct on information available at the time. Felt live pressure, executed anyway — the freeze response did NOT fire. This is progress.",NONE - clean execution,"Bull Put Spread, SPX, 0DTE, Live Account, 2SD-exit, Endowment-test, No-freeze"
185,04/06/2026,SPX,Bull Put Spread,Sell,7500/7480 Put,4 Jun 26,0.7,0.15,10,700,20.18,26,150,550,78.57%,04/06/2026,0,Win,0.03,19300,700,0,78.6%,"Flipped bullish as VIX fell -2.62% (to 15.64) and ES rallied. Falling-VIX to BPS rule firing via price action. Market context: House war-powers vote capping Iran escalation (NOT a peace deal — ceasefire being violated, Kuwait drone strike, Hezbollah rejection).","72 pts OTM (~4 SD). Short delta and vega both favourable. Closed early at 86% of credit rather than letting expire — deliberate, to right-size the oversized tail risk. Banked $550 instead of carrying ~$19.3k of width into the live Iran tail. FLAG: This was a WIN on a RULE BREAK. Guard against outcome bias letting a profitable oversize reinforce oversizing behaviour.","ERROR - OVERSIZED. 10 lots = $20k width, ~$19.3k max loss = ~38% of net liq, ~2x the 20% high-conviction ceiling. Early close was correct risk management but the entry size was a rule breach.","Bull Put Spread, SPX, 0DTE, Live Account, Oversized, Rule-breach, Early-close"
186,05/06/2026,SPX,Bear Call Spread,Sell,7600/7620 Call,5 Jun 26,0.8,0.05,5,400,10.09,13,25,375,93.75%,05/06/2026,0,Win,0.04,9600,400,0,93.8%,BEARISH 4.5/5. VIX 18.32 (+18.96%) — elevated regime. SPX futures 7473 (-1.68%). Nasdaq -3.28%. 10Y +6.3bps. DXY 100.05. Strong directional move down enabled two trades with generous premium.,0DTE bear call. Closed at 94% premium capture. Clean execution.,NONE - clean execution,"Bear Call Spread, SPX, 0DTE, Live Account"
187,05/06/2026,SPX,Bear Call Spread,Sell,7545/7565 Call,5 Jun 26,0.6,0.05,5,300,4.82,6.50,25,275,91.67%,05/06/2026,0,Win,0.03,9700,300,0,91.7%,BEARISH 4.5/5. VIX 18.32 (+18.96%) — elevated regime. SPX futures 7473 (-1.68%). Nasdaq -3.28%. 10Y +6.3bps. DXY 100.05. Strong directional move down enabled two trades with generous premium.,0DTE bear call. Closed at $0.05 to complete journal rather than letting expire. 92% premium capture.,NONE - clean execution,"Bear Call Spread, SPX, 0DTE, Live Account"
188,08/06/2026,SPX,Bull Put Spread,Sell,7360/7340 Put,8 Jun 26,1,0.2,6,600,12.48,14.30,120,480,80.00%,08/06/2026,0,Win,0.04,11400,600,0,80.0%,"Post-crash aftermath. Fri 5 Jun: SPX -2.64%, Nasdaq -4.18%. Broadcom -14% triggered $1.3T semiconductor wipeout. May jobs 172k vs 80k expected — Fed hike probability 42.7%. SpaceX IPO liquidity drain.",Closed at 80% premium capture. Clean execution in volatile post-crash conditions.,NONE - clean execution,"Bull Put Spread, SPX, 0DTE, Live Account"
189,08/06/2026,SPX,Bull Put Spread,Sell,7395/7375 Put,8 Jun 26,0.75,3.05,6,450,13.18,15.60,1830,-1380,-306.67%,08/06/2026,0,Loss,-0.12,11550,450,0,-306.7%,"Post-crash aftermath. Fri 5 Jun: SPX -2.64%, Nasdaq -4.18%. Broadcom -14% triggered $1.3T semiconductor wipeout. May jobs 172k vs 80k expected — Fed hike probability 42.7%. SpaceX IPO liquidity drain.","4x stop triggered. Post-crash volatility drove SPX through short strike. Finished OTM — would have been profitable if held, but stop correct on information available. Thin premium ($0.75) in volatile conditions.",NONE - clean execution. Stop functioned correctly at 4x.,"Bull Put Spread, SPX, 0DTE, Live Account, Stop-out, Post-crash"
190,09/06/2026,SPX,Bull Put Spread,Sell,7380/7360 Put,9 Jun 26,0.85,3.6,6,510,13.72,15.60,2160,-1650,-323.53%,09/06/2026,0,Loss,-0.14,11490,510,0,-323.5%,Continued post-crash volatility. SPX attempting recovery but unstable. 130pt intraday drop — continuation of Broadcom/jobs selloff.,"Safe setup — short strike well below spot. SPX dropped ~130pts intraday on continued Broadcom/semiconductor selloff and rate hike fears from hot May jobs data (172k vs 80k). 4x stop triggered. Finished deep ITM. Genuine macro-driven move, not gamma noise. Stop saved capital — without it, max loss was $11,490.",NONE - clean execution. Stop functioned correctly at 4x. Macro-driven 130pt move.,"Bull Put Spread, SPX, 0DTE, Live Account, Stop-out, Macro-event, Deep-ITM"
191,10/06/2026,SPX,Bear Call Spread,Sell,7430/7450 Call,10 Jun 26,0.6,0,5,300,5.27,6.50,0,300,1,10/06/2026,0,Win,0.03,9700,300,0,1,Market stabilising. Bear call on recovery bounce.,Market stabilising. Bear call expired worthless. Full premium captured.,NONE - clean execution,"Bear Call Spread, SPX, 0DTE, Live Account, Expired"
192,15/06/2026,SPX,Bull Put Spread,Sell,7485/7465 Put,15 Jun 26,0.65,0,6,390,6.86,7.80,0,390,1,15/06/2026,0,Win,0.03,11610,390,0,1,FOMC week. Market stable pre-announcement.,Expired worthless. Full premium captured. Clean execution.,NONE - clean execution,"Bull Put Spread, SPX, 0DTE, Live Account, Expired"
193,16/06/2026,SPX,Bull Put Spread,Sell,7495/7475 Put,16 Jun 26,0.65,0.55,6,390,13.18,15.60,330,60,15.38%,16/06/2026,0,Win,0.01,11610,390,0,15.4%,FOMC day. Fed talks underway. Position didn't feel right — sat at -20-40% most of the session.,"FOMC day. Trade sat at -20-40% the entire time it was open. Set limit just enough to cover costs — it spiked and closed. Finished OTM but not worth the stress. Fed talks had started and seed of doubt was planted. Lesson: avoid opening positions on FOMC days, or at minimum check the Fed calendar before entry.",NONE - clean execution. Early exit was correct given the information uncertainty.,"Bull Put Spread, SPX, 0DTE, Live Account, FOMC, Early-exit, Stress"
194,17/06/2026,SPX,Bull Put Spread,Sell,7410/7390 Put,17 Jun 26,0.65,0.65,3,195,6.88,7.80,195,0,0,17/06/2026,0,Breakeven,0,5805,195,0,0,Post-FOMC. Fed talk in afternoon discovered after entry. Market dropped steeply after close.,Part 1 of averaging attempt with trade 195. Discovered Fed talk scheduled for afternoon after opening. Closed at breakeven before the talk. Market dropped steeply after — would have been ITM on this spread. Exit saved capital.,NONE - clean execution. Closed on new information (Fed talk). Correct decision — would have been ITM.,"Bull Put Spread, SPX, 0DTE, Live Account, Fed-talk, Breakeven, Avoided-loss"
195,17/06/2026,SPX,Bull Put Spread,Sell,7400/7380 Put,17 Jun 26,0.65,0.5,3,195,6.61,7.80,150,45,23.08%,17/06/2026,0,Win,0.01,5805,195,0,23.1%,Post-FOMC. Fed talk in afternoon discovered after entry. Market dropped steeply after close.,Part 2 of averaging attempt with trade 194. Opened at different strikes to improve average. Closed early before Fed talk. Small profit. Market dropped steeply after — exit was correct.,NONE - clean execution.,"Bull Put Spread, SPX, 0DTE, Live Account, Fed-talk, Averaging"
196,17/06/2026,SPX,Bear Call Spread,Sell,7455/7475 Call,17 Jun 26,0.7,0.4,5,350,9.64,13,200,150,42.86%,17/06/2026,0,Win,0.02,9650,350,0,42.9%,Post-Fed talk. IV still elevated. Negative news created opportunity for bear call spread into IV crush.,"STAR TRADE. Post-Fed talk, IV still elevated, negative news. Placed bear call into IV crush window. Set reasonable non-greedy limit. Closed in 1 MINUTE for $150 profit. Repeatable edge: trading the post-catalyst IV crush on known scheduled events. Action: set calendar reminders for FOMC, CPI, PPI, jobs, Fed speeches to identify these windows systematically.",NONE - clean execution. Post-catalyst IV crush trade — new repeatable pattern identified.,"Bear Call Spread, SPX, 0DTE, Live Account, IV-crush, Post-catalyst, Star-trade, 1-minute"
197,18/06/2026,SPX,Bull Put Spread,Sell,7350/7330 Put,18 Jun 26,0.6,0.1,6,360,12.64,15.60,60,300,83.33%,18/06/2026,0,Win,0.03,11640,360,0,83.3%,"Bullish day. Set limit order far OTM when premium was low, waited for market to come to the price. Gamma spike captured on entry.","Patient entry — set limit order far OTM when premium was low and waited for market to come to the price. Opened quicker than expected. Moved and stayed green right from the start — successfully captured a gamma spike. OCO set at 0.10/2.40, closed at 0.10 target. 83% premium capture. Opened 30-40% in green immediately. Aware spike capture could signal direction change but conviction was correct. Both trader and market agreed on bullish direction.",NONE - clean execution. Patient entry technique — let market come to price. Gamma spike capture.,"Bull Put Spread, SPX, 0DTE, Live Account, Patient-entry, Gamma-spike, OCO"
198,22/06/2026,SPX,Bull Put Spread,Sell,7465/7445 Put,22 Jun 26,0.6,0.65,5,300,11.44,14.30,325,-25,,22/06/2026,0,Open,,9700,300,0,,0DTE BPS. Small stop-out.,Small stop-out. Premium just barely above $0.60 floor. Closed at $0.65 — minimal loss. All trades executed correctly this week.,NONE - clean execution,"Bull Put Spread, SPX, 0DTE, Live Account, Stop-out"
199,23/06/2026,SPX,Bear Call Spread,Sell,7460/7480 Call,23 Jun 26,1.1,0.1,3,330,6.03,7.80,30,300,,23/06/2026,0,Open,,5670,330,0,,"0DTE BCS. Strong premium, clean execution.",91% premium capture. Clean bear call. Good premium at $1.10.,NONE - clean execution,"Bear Call Spread, SPX, 0DTE, Live Account"
200,24/06/2026,SPX,Bull Put Spread,Sell,7355/7335 Put,24 Jun 26,0.65,2.6,5,325,10.99,13,1300,-975,,24/06/2026,0,Open,,9675,325,0,,Large bearish move. 4x stop saved from ITM.,4x stop triggered on large bearish move. Stop proved accurate — position would have been ITM. Stop saved from further losses. All trades executed correctly.,NONE - clean execution. Stop functioned correctly at 4x. Saved from ITM.,"Bull Put Spread, SPX, 0DTE, Live Account, Stop-out, Bearish-move"
201,25/06/2026,SPX,Bull Put Spread,Sell,7320/7305 Put,25 Jun 26,0.65,2.7,3,195,6.88,7.80,810,-615,,25/06/2026,0,Open,,4305,195,0,,Second consecutive bearish day. 4x stop saved from further ITM losses.,Second consecutive 4x stop triggered on bearish move. Stop saved from ITM again. Two stops in two days — market in strong bearish trend. Reduced sizing from 5 to 3 lots shows awareness. Stops are doing their job.,NONE - clean execution. Stop functioned correctly at 4x. Saved from ITM.,"Bull Put Spread, SPX, 0DTE, Live Account, Stop-out, Bearish-move"
202,26/06/2026,SPX,Iron Condor,Sell,7530/7550/7145/7125 Call/Put,30 Jun 26,1.4,0,5,700,10.99,13,0,700,1,30/06/2026,4,Win,,,700,4,1,Quarterlys IC opened. Wide wings — 385pt between short strikes. 4 DTE.,Quarterlys IC expired worthless. Full $700 premium captured over 4 days. Wide wings proved safe. First multi-day IC win on live account.,NONE - clean execution,"Iron Condor, SPX, Quarterlys, Live Account, Expired, Multi-day"
203,29/06/2026,SPX,Iron Condor,Sell,7600/7620/7040/7020 Call/Put,6 Jul 26,1.25,1.75,1,125,4.29,5.20,175,-50,-40.00%,30/06/2026,1,Loss,-0.03,1875,125,7,-40.0%,Multi-day IC strategy test. Position in loss from open. Closed ahead of macro risk.,"Multi-day IC — 7 DTE, planned same-day close for ~20% profit. In loss from open. Closed next day ahead of macro. Shadow ICs with 4-6 DTE all succeeded — 7 DTE may be too long, or adverse entry timing. Strategy thesis: fatter premium on longer DTE allows similar returns with wider strikes and less gamma.","NONE - clean execution. Strategy executed as designed, market moved against.","Iron Condor, SPX, Live Account, Multi-day, New-strategy, Loss"
204,07/07/2026,SPX,Bear Call Spread,Sell,7545/7565 Call,7 Jul 26,0.65,0,5,325,5.29,6.50,0,325,1,08/07/2026,0,Win,0.03,9675,325,0,1,"SPX grinding higher in post-June recovery. Clean 0DTE conditions. Cautious trading between studies — confident setups only, conservative sizing, closing early.",Expired worthless. Full premium captured.,NONE - clean execution,"Bear Call Spread, SPX, 0DTE, Live Account, Expired"
205,09/07/2026,SPX,Bull Put Spread,Sell,7400/7380 Put,9 Jul 26,0.65,0.3,5,325,10.13,13,150,175,53.85%,09/07/2026,0,Win,0.02,9675,325,0,53.8%,"Two simultaneous BPS entries at 14:31, both closed within 10 minutes. Quick capture approach.",Closed in 10 minutes at 54% capture. Quick in-and-out alongside trade 206.,NONE - clean execution,"Bull Put Spread, SPX, 0DTE, Live Account, Quick-scalp"
206,09/07/2026,SPX,Bull Put Spread,Sell,7405/7385 Put,9 Jul 26,0.8,0.35,5,400,10.13,13,175,225,56.25%,09/07/2026,0,Win,0.02,9600,400,0,56.2%,"Two simultaneous BPS entries at 14:31, both closed within 10 minutes. Quick capture approach.","Sister trade to 205, slightly closer strikes for higher premium. Closed in 10 minutes at 56% capture.",NONE - clean execution,"Bull Put Spread, SPX, 0DTE, Live Account, Quick-scalp"
207,13/07/2026,SPX,Bear Call Spread,Sell,7680/7700 Call,16 Jul 26,0.75,0.35,5,375,10.13,13,175,200,53.33%,13/07/2026,0,Win,0.02,9625,375,3,53.3%,"3 DTE entry, same-day close — multi-day premium harvest structure.",3 DTE entry closed same day at 53% capture — the multi-day premium structure with same-day exit working as designed.,NONE - clean execution,"Bear Call Spread, SPX, Live Account, Multi-day, Same-day-close"
208,15/07/2026,SPX,Bull Put Spread,Sell,7530/7510 Put,15 Jul 26,0.8,1.9,5,400,11.03,13,950,-550,-137.50%,15/07/2026,0,Loss,-0.06,9600,400,0,-137.5%,"Mid-July semiconductor selloff building (SOXX en route to -22% for July, worst month since 2002). Sharp adverse move stopped position in 3 minutes.",Stopped out 3 minutes after entry on sharp adverse move during the semiconductor selloff. ~2.4x credit exit. Only loss of the entire 5-week period.,NONE - clean execution. Stop functioned correctly.,"Bull Put Spread, SPX, 0DTE, Live Account, Stop-out, Semi-selloff"
209,17/07/2026,SPX,Bear Call Spread,Sell,7545/7565 Call,17 Jul 26,1.1,0,3,330,3.17,3.90,0,330,1,18/07/2026,0,Win,0.06,5670,330,0,1,Cautious period. Confident setups only.,Expired worthless. Full premium captured. Strong entry premium at $1.10.,NONE - clean execution,"Bear Call Spread, SPX, 0DTE, Live Account, Expired"
210,21/07/2026,SPX,Bull Put Spread,Sell,7440/7420 Put,21 Jul 26,0.65,0,5,325,5.29,6.50,0,325,1,22/07/2026,0,Win,0.03,9675,325,0,1,Cautious period. Confident setups only.,Expired worthless. Full premium captured.,NONE - clean execution,"Bull Put Spread, SPX, 0DTE, Live Account, Expired"
211,22/07/2026,SPX,Bull Put Spread,Sell,7450/7430 Put,22 Jul 26,0.85,0.15,4,340,8.08,10.40,60,280,82.35%,22/07/2026,0,Win,0.04,7660,340,0,82.4%,Cautious period. Confident setups only.,82% premium capture in 35 minutes.,NONE - clean execution,"Bull Put Spread, SPX, 0DTE, Live Account"
212,23/07/2026,SPX,Bear Call Spread,Sell,7480/7500 Call,23 Jul 26,1.15,0.05,3,345,6.07,7.80,15,330,95.65%,23/07/2026,0,Win,0.06,5655,345,0,95.7%,Cautious period. Confident setups only.,96% premium capture. Held through the session for near-full decay.,NONE - clean execution,"Bear Call Spread, SPX, 0DTE, Live Account"
213,24/07/2026,SPX,Bull Put Spread,Sell,7340/7320 Put,24 Jul 26,0.65,0.55,5,325,10.58,13,275,50,15.38%,24/07/2026,0,Win,0.01,9675,325,0,15.4%,Cautious period. Quick profit-take 14 minutes after entry.,Closed 14 minutes after entry for small profit. Defensive posture in deteriorating market.,NONE - clean execution,"Bull Put Spread, SPX, 0DTE, Live Account, Quick-exit"
214,27/07/2026,SPX,Bear Call Spread,Sell,7570/7590 Call,31 Jul 26,1.8,1,5,900,10.58,13,500,400,44.44%,29/07/2026,2,Win,0.04,9100,900,4,44.4%,4 DTE BCS entry. Semiconductors in freefall — July heading to first negative S&P close since 2014.,"4 DTE entry at strong $1.80 premium. Closed morning of FOMC day at 44% capture — removed binary event risk before announcement. Shadow twin (S29, 30 lots) held one day longer for 94% capture. De-risking before FOMC was defensible; the shadow comparison quantifies the cost of caution: ~$450 on this size.",NONE - clean execution,"Bear Call Spread, SPX, Live Account, Multi-day, Pre-FOMC-close"
215,29/07/2026,SPX,Bull Put Spread,Sell,7325/7305 Put,29 Jul 26,0.9,0.6,5,450,10.58,13,300,150,33.33%,29/07/2026,0,Win,0.02,9550,450,0,33.3%,"FOMC DAY. Fed held rates steady (three officials wanted a hike). S&P -1.5%, Nasdaq 100 entered technical correction, 30yr yields highest since 2007, Brent crude >$90. Entered 9 minutes post-announcement — post-catalyst IV-crush strategy in action.","POST-FOMC IV-CRUSH STRATEGY. Entered 9 minutes after the Fed announcement, closed 28 minutes later for 33% capture. Second successful execution of the post-catalyst pattern first identified on trade 196. The calendar-driven edge is repeatable.",NONE - clean execution,"Bull Put Spread, SPX, 0DTE, Live Account, IV-crush, Post-FOMC"
216,04/08/2026,SPX,Bull Put Spread,Sell,7650/7630 Put,4 Aug 26,0.65,0.35,6,390,12.14,15.60,210,180,46.15%,04/08/2026,0,Win,0.02,11610,390,0,46.2%,"SPX new 52-week high 7,713 intraday (+1.5%), recovering from July semiconductor rout. AFTER the close of this trade: unexpected ~70-point drop over an hour — would have driven SPX through the 7650 short strike.","BLACK SWAN SAVE. Entered with SPX rallying to new 52-week high (7,713 intraday). Closed 15 minutes later at 46% capture. Within the following hour, SPX dropped ~70 points unexpectedly — straight through the 7650 short strike zone. Early close was for profit-taking, not foresight — luck rather than skill, but the habit of banking profits quickly in this cautious period is what created the luck. A held position would have faced a 4x stop or worse.",NONE - clean execution. Early close saved position from unexpected 70pt drop.,"Bull Put Spread, SPX, 0DTE, Live Account, Black-swan-save, Early-close"
217,05/08/2026,SPX,Bull Put Spread,Sell,7670/7650 Put,5 Aug 26,0.65,0.6,5,325,10.58,13,300,25,7.69%,05/08/2026,0,Win,0.00,9675,325,0,7.7%,"Recovery day after 4 Aug's late 70-pt drop. Morning weakness, then bottom held — SPX recovered to close ~7,723, first-ever close above 7,700.","Closed defensively as the underlying kept dropping — banked +$25 rather than hold through the fall. Endowment-test exit. Re-entered the same strikes 20 minutes later as trade 218 once the bottom held. Entry was 09:50 ET, inside the first hour.",NONE - rule breach. First-hour entry (09:50 ET) against the entry-timing rule. Defensive exit clean.,"Bull Put Spread, SPX, 0DTE, Live Account, Defensive-exit, First-hour"
218,05/08/2026,SPX,Bull Put Spread,Sell,7670/7650 Put,5 Aug 26,0.8,0.1,5,400,10.58,13,50,350,87.50%,05/08/2026,0,Win,0.04,9600,400,0,87.5%,"Recovery day after 4 Aug's late 70-pt drop. Morning weakness, then bottom held — SPX recovered to close ~7,723, first-ever close above 7,700.",Re-entry at the same strikes once the bottom looked solid — and at a HIGHER credit ($0.80 vs $0.65) for the same structure. OCO target at $0.10 filled after ~100 minutes. The patient re-entry beat the original entry on both price and outcome. 88% capture.,NONE - clean execution,"Bull Put Spread, SPX, 0DTE, Live Account, Re-entry, OCO"
219,06/08/2026,SPX,Bull Put Spread,Sell,7660/7640 Put,6 Aug 26,0.8,0.1,5,400,10.58,13,50,350,87.50%,06/08/2026,0,Win,0.04,9600,400,0,87.5%,"Pause day after record rally. SPX -0.18% to 7,709.96, fading from an intraday high. Mixed earnings, Strait of Hormuz uncertainty. VIX 15.1 and falling (-4.2%).","Deliberate first-hour entry (09:46 ET): ES range-bound, VIX down and dropping — read as favourable for premium selling. SPX drifted 13.6 pts lower on the day but slowly enough that theta outpaced the move; position stayed green throughout. OCO closed at $0.10. 88% capture.","NONE - rule breach. Deliberate first-hour entry against the entry-timing rule; reasoning documented, outcome positive.","Bull Put Spread, SPX, 0DTE, Live Account, First-hour, OCO, Theta-vs-drift"
220,07/08/2026,SPX,Bull Put Spread,Sell,7655/7635 Put,7 Aug 26,0.8,0.1,5,400,10.58,13,50,350,87.50%,07/08/2026,0,Win,0.04,9600,400,0,87.5%,"July jobs report day: nonfarm payrolls unexpectedly FELL — September rate hike taken off the table. SPX +0.62% to record close 7,757.64. Week +3.6%, best since April; SOXX +7% bounce.","Entered one minute after the open (09:31 ET) on jobs-report day — but AFTER the 08:30 ET print was known: payrolls unexpectedly fell, September hike off the table, market rallying. Post-catalyst entry with the binary already resolved — same pattern as trade 167 (post-PPI). OCO closed at $0.10 within 99 minutes. SPX ran to a record close. 88% capture.","NONE - rule breach. First-hour entry (09:31 ET), but post-data-release with the catalyst resolved.","Bull Put Spread, SPX, 0DTE, Live Account, First-hour, Post-catalyst, OCO"
221,10/08/2026,SPX,Bull Put Spread,Sell,7720/7700 Put,10 Aug 26,0.7,0.3,5,350,10.13,13,150,200,57.14%,10/08/2026,0,Win,0.02,9650,350,0,57.1%,"Fresh momentum after the record week (SPX +3.6%, best since April). Trading near all-time highs. Gamma-scalping staged entries into an advancing tape.","Gamma-scalping approach: several entries staged to trigger on upward price moves — this and trade 222 filled almost simultaneously. Liked both, so kept this one running with an easily achievable limit; closed at $0.30 for +$200 (57% capture in 57 min). Chose banked premium over holding to expiry — certainty over the residual tail.",NONE - clean execution. Filled simultaneously with trade 222 from stacked contingent entries (see 222 for the process note).,"Bull Put Spread, SPX, 0DTE, Live Account, Gamma-scalp, Staged-entry"
222,10/08/2026,SPX,Bull Put Spread,Sell,7715/7695 Put,10 Aug 26,0.65,0.4,5,325,10.13,13,200,125,38.46%,10/08/2026,0,Win,0.01,9675,325,0,38.5%,"Fresh momentum after the record week (SPX +3.6%, best since April). Trading near all-time highs. Gamma-scalping staged entries into an advancing tape.","Second of the simultaneous fills. Set tight limits and stops while deliberating which to keep — this one's limit filled at $0.40 during the deliberation (+$125 in 16 min). Combined exposure while both were open: ~$19.3k of width, ~37% of net liq, for ~20 minutes.","NONE - process gap. Stacked contingent entry orders were not OCO-linked, so both filled together. Fix: link staged alternative entries as first-triggers-cancels-the-rest so only one can open.","Bull Put Spread, SPX, 0DTE, Live Account, Gamma-scalp, Staged-entry, Double-fill"
223,12/08/2026,SPX,Bull Put Spread,Sell,7695/7675 Put,12 Aug 26,0.75,0.95,5,375,10.58,13,475,-100,-26.67%,12/08/2026,0,Loss,-0.01,9625,375,0,-26.7%,"CPI DAY. July CPI +0.1% MoM (in line, rebound from June's -0.4%), 3.4% YoY; core +0.2%, 2.5% YoY — muted print took the September-hike scare off the boil. VIX dropped sharply on release; ES rising.","Opening-bell entry post-CPI with the catalyst resolved — VIX dropping sharply, ES rising. Then accidentally closed the position while setting up the OCO bracket, 3 minutes after entry, for -$100. Same family as the known TOS mobile OCO UI hazard first diagnosed on paper account #3.",ERROR - Accidental close while setting up OCO bracket on TOS mobile. Opening-bell entry (09:30 ET) also noted against the entry-timing rule.,"Bull Put Spread, SPX, 0DTE, Live Account, Order-error, OCO-hazard, Post-catalyst"
224,12/08/2026,SPX,Bull Put Spread,Sell,7695/7675 Put,12 Aug 26,1,0.1,5,500,10.58,13,50,450,90.00%,12/08/2026,0,Win,0.05,9500,500,0,90.0%,"CPI DAY. July CPI +0.1% MoM (in line, rebound from June's -0.4%), 3.4% YoY; core +0.2%, 2.5% YoY — muted print took the September-hike scare off the boil. VIX dropped sharply on release; ES rising.","Re-opened one minute after the error close — at $1.00, better than the original $0.75 entry. OCO target at $0.10 filled for 90% capture. The error pair netted +$350, slightly better than holding the original would have paid (+$325) — outcome-bias caution applies: the error still cost focus and could easily have cost money instead.","NONE - rule breach. First-hour re-entry (09:34 ET), post-CPI with catalyst resolved.","Bull Put Spread, SPX, 0DTE, Live Account, Re-entry, OCO, Post-catalyst"
225,13/08/2026,SPX,Bull Put Spread,Sell,7750/7730 Put,13 Aug 26,0.6,0.1,5,300,10.13,13,50,250,83.33%,13/08/2026,0,Win,0.03,9700,300,0,83.3%,Bullish continuation — new all-time intraday high on SPX.,Credit at the $0.60 floor — a little below ideal but the best available at a comfortable delta in a strongly bullish tape. SPX printed a new all-time intraday high. OCO closed at $0.10 for 83% capture.,NONE - rule breach. First-hour entry (10:01 ET).,"Bull Put Spread, SPX, 0DTE, Live Account, Credit-floor, OCO, ATH"
226,14/08/2026,SPX,Bull Put Spread,Sell,7750/7730 Put,14 Aug 26,0.65,0.1,5,325,10.13,13,50,275,84.62%,14/08/2026,0,Win,0.03,9675,325,0,84.6%,Textbook conditions. SPX holding near record highs.,"Textbook trade: opened at $0.65 (fills; noted as ~$0.70 in trader's log), OCO closed at $0.10 for 85% capture in ~2.4 hours. Entry 11:40 ET, clean of the first hour. Conditions are good.",NONE - clean execution,"Bull Put Spread, SPX, 0DTE, Live Account, OCO, Textbook"
